prob,media
0.0,0.0
0.1111111111111111,9.5
0.2222222222222222,14.0
0.3333333333333333,14.5
0.4444444444444444,11.4
0.5555555555555556,7.3
0.6666666666666666,2.5
0.7777777777777777,1.8
0.8888888888888888,1.2
1.0,1.0
