prob,media
0.0,0.0
0.1111111111111111,8.9
0.2222222222222222,14.2
0.3333333333333333,13.5
0.4444444444444444,10.5
0.5555555555555556,9.0
0.6666666666666666,3.7
0.7777777777777777,1.6
0.8888888888888888,1.0
1.0,1.0
