prob,media
0.0,100.0
0.1111111111111111,79.3
0.2222222222222222,59.9
0.3333333333333333,40.1
0.4444444444444444,25.2
0.5555555555555556,9.7
0.6666666666666666,5.2
0.7777777777777777,1.9
0.8888888888888888,1.2
1.0,1.0
