prob,media
0.0,0.0
0.1111111111111111,88.0
0.2222222222222222,105.0
0.3333333333333333,102.0
0.4444444444444444,92.0
0.5555555555555556,44.0
0.6666666666666666,10.0
0.7777777777777777,5.0
0.8888888888888888,1.0
1.0,1.0
